slug,type,ref,title,date,scope,permalink,image_url
wmcr-vaux-1n-v653-na-0393,NA,V653 / NA - 393,#2 To Takakkaw Fall 7/17/06 [trip : file title],1906,"Takakkaw Falls, Rocky Mountains",https://archives.whyte.org/en/permalink/descriptions35000,https://archives.whyte.org/media/archives/Vaux/wmcr-vaux-1n-v653-na-0393.jpg
wmcr-vaux-1n-v653-na-0394,NA,V653 / NA - 394,#2 To Takakkaw Fall 7/17/06 [trip : file title],1906,"Takakkaw Falls, Rocky Mountains",https://archives.whyte.org/en/permalink/descriptions35886,https://archives.whyte.org/media/archives/Vaux/wmcr-vaux-1n-v653-na-0394.jpg
wmcr-vaux-1n-v653-na-0395,NA,V653 / NA - 395,#2 To Takakkaw Fall 7/17/06 [trip : file title],1906,"Takakkaw Falls, Rocky Mountains",https://archives.whyte.org/en/permalink/descriptions35887,https://archives.whyte.org/media/archives/Vaux/wmcr-vaux-1n-v653-na-0395.jpg
wmcr-vaux-1n-v653-na-0396,NA,V653 / NA - 396,#2 To Takakkaw Fall 7/17/06 [trip : file title],1906,"Takakkaw Falls, Rocky Mountains",https://archives.whyte.org/en/permalink/descriptions35888,https://archives.whyte.org/media/archives/Vaux/wmcr-vaux-1n-v653-na-0396.jpg
wmcr-vaux-1n-v653-na-0397,NA,V653 / NA - 397,#2 To Takakkaw Fall 7/17/06 [trip : file title],1906,"Camp at Takakkaw Falls, Rocky Mountains",https://archives.whyte.org/en/permalink/descriptions35889,https://archives.whyte.org/media/archives/Vaux/wmcr-vaux-1n-v653-na-0397.jpg
wmcr-vaux-1n-v653-na-0398,NA,V653 / NA - 398,#2 To Takakkaw Fall 7/17/06 [trip : file title],1906,"Takakkaw Falls, Rocky Mountains",https://archives.whyte.org/en/permalink/descriptions35890,https://archives.whyte.org/media/archives/Vaux/wmcr-vaux-1n-v653-na-0398.jpg
wmcr-vaux-1n-v653-na-0399,NA,V653 / NA - 399,#2 To Takakkaw Fall 7/17/06 [trip : file title],1906,"Takakkaw Falls, Rocky Mountains",https://archives.whyte.org/en/permalink/descriptions35891,https://archives.whyte.org/media/archives/Vaux/wmcr-vaux-1n-v653-na-0399.jpg
wmcr-vaux-1n-v653-na-0400,NA,V653 / NA - 400,#2 To Takakkaw Fall 7/17/06 [trip : file title],1906,"Takakkaw Falls, Rocky Mountains",https://archives.whyte.org/en/permalink/descriptions35892,https://archives.whyte.org/media/archives/Vaux/wmcr-vaux-1n-v653-na-0400.jpg
wmcr-vaux-1n-v653-na-0401,NA,V653 / NA - 401,#2 To Takakkaw Fall 7/17/06 [trip : file title],1906,"Takakkaw Falls, Rocky Mountains",https://archives.whyte.org/en/permalink/descriptions35893,https://archives.whyte.org/media/archives/Vaux/wmcr-vaux-1n-v653-na-0401.jpg
wmcr-vaux-1n-v653-na-0402,NA,V653 / NA - 402,#2 To Takakkaw Fall 7/17/06 [trip : file title],1906,"Takakkaw Falls, Rocky Mountains",https://archives.whyte.org/en/permalink/descriptions35894,https://archives.whyte.org/media/archives/Vaux/wmcr-vaux-1n-v653-na-0402.jpg
wmcr-vaux-1n-v653-na-0426,NA,V653 / NA - 426,#3 [file title],1906,At Lake Louise,https://archives.whyte.org/en/permalink/descriptions35004,https://archives.whyte.org/media/archives/Vaux/wmcr-vaux-1n-v653-na-0426.jpg
wmcr-vaux-1n-v653-na-0480,NA,V653 / NA - 480,#3 [file title],1906,"Summit Lake ACC camp, Rocky Mountains?",https://archives.whyte.org/en/permalink/descriptions35039,https://archives.whyte.org/media/archives/Vaux/wmcr-vaux-1n-v653-na-0480.jpg
wmcr-vaux-1n-v653-na-0427,NA,V653 / NA - 427,#3 [file title],[1906],At Lake Louise,https://archives.whyte.org/en/permalink/descriptions36476,https://archives.whyte.org/media/archives/Vaux/wmcr-vaux-1n-v653-na-0427.jpg
wmcr-vaux-1n-v653-na-0428,NA,V653 / NA - 428,#3 [file title],[1906],At Lake Louise,https://archives.whyte.org/en/permalink/descriptions36477,https://archives.whyte.org/media/archives/Vaux/wmcr-vaux-1n-v653-na-0428.jpg
wmcr-vaux-1n-v653-na-0481,NA,V653 / NA - 481,#3 [file title],[1906],"Summit Lake ACC camp, Rocky Mountains?",https://archives.whyte.org/en/permalink/descriptions36486,https://archives.whyte.org/media/archives/Vaux/wmcr-vaux-1n-v653-na-0481.jpg
wmcr-vaux-1n-v653-na-0509,NA,V653 / NA - 509,#3 Paradise Valley 9/28/06 [file title],1906,Rocky Mountains,https://archives.whyte.org/en/permalink/descriptions35044,https://archives.whyte.org/media/archives/Vaux/wmcr-vaux-1n-v653-na-0509.jpg
wmcr-vaux-1n-v653-na-0510,NA,V653 / NA - 510,#3 Paradise Valley 9/28/06 [file title],1906,Rocky Mountains,https://archives.whyte.org/en/permalink/descriptions35935,https://archives.whyte.org/media/archives/Vaux/wmcr-vaux-1n-v653-na-0510.jpg
wmcr-vaux-1n-v653-na-0511,NA,V653 / NA - 511,#3 Paradise Valley 9/28/06 [file title],1906,Rocky Mountains,https://archives.whyte.org/en/permalink/descriptions35936,https://archives.whyte.org/media/archives/Vaux/wmcr-vaux-1n-v653-na-0511.jpg
wmcr-vaux-1n-v653-na-0512,NA,V653 / NA - 512,#3 Paradise Valley 9/28/06 [file title],1906,Rocky Mountains,https://archives.whyte.org/en/permalink/descriptions35937,https://archives.whyte.org/media/archives/Vaux/wmcr-vaux-1n-v653-na-0512.jpg
wmcr-vaux-1n-v653-na-0513,NA,V653 / NA - 513,#3 Paradise Valley 9/28/06 [file title],1906,Rocky Mountains,https://archives.whyte.org/en/permalink/descriptions35938,https://archives.whyte.org/media/archives/Vaux/wmcr-vaux-1n-v653-na-0513.jpg
wmcr-vaux-1n-v653-na-0403,NA,V653 / NA - 403,#4 To Ptarmigan 8/2/06 [trip : file title],1906,Mounted muskox head,https://archives.whyte.org/en/permalink/descriptions35001,https://archives.whyte.org/media/archives/Vaux/wmcr-vaux-1n-v653-na-0403.jpg
wmcr-vaux-1n-v653-na-0404,NA,V653 / NA - 404,#4 To Ptarmigan 8/2/06 [trip : file title],1906,Mounted muskox head,https://archives.whyte.org/en/permalink/descriptions35895,https://archives.whyte.org/media/archives/Vaux/wmcr-vaux-1n-v653-na-0404.jpg
wmcr-vaux-1n-v653-na-0405,NA,V653 / NA - 405,#4 To Ptarmigan 8/2/06 [trip : file title],1906,"Ptarmigan Lake, Rocky Mountains",https://archives.whyte.org/en/permalink/descriptions35896,https://archives.whyte.org/media/archives/Vaux/wmcr-vaux-1n-v653-na-0405.jpg
wmcr-vaux-1n-v653-na-0406,NA,V653 / NA - 406,#4 To Ptarmigan 8/2/06 [trip : file title],1906,"Ptarmigan Valley, Rocky Mountains",https://archives.whyte.org/en/permalink/descriptions35897,https://archives.whyte.org/media/archives/Vaux/wmcr-vaux-1n-v653-na-0406.jpg
wmcr-vaux-1n-v653-na-0407,NA,V653 / NA - 407,#4 To Ptarmigan 8/2/06 [trip : file title],1906,Mount Temple from Ptarmigan Valley Rocky Mountains,https://archives.whyte.org/en/permalink/descriptions35898,https://archives.whyte.org/media/archives/Vaux/wmcr-vaux-1n-v653-na-0407.jpg
wmcr-vaux-1n-v653-na-0408,NA,V653 / NA - 408,#4 To Ptarmigan 8/2/06 [trip : file title],1906,"Deception Pass?, Rocky Mountains",https://archives.whyte.org/en/permalink/descriptions35899,https://archives.whyte.org/media/archives/Vaux/wmcr-vaux-1n-v653-na-0408.jpg
wmcr-vaux-1n-v653-na-0409,NA,V653 / NA - 409,#4 To Ptarmigan 8/2/06 [trip : file title],1906,"Ptarmigan Lake area, Rocky Mountains",https://archives.whyte.org/en/permalink/descriptions35900,https://archives.whyte.org/media/archives/Vaux/wmcr-vaux-1n-v653-na-0409.jpg
wmcr-vaux-1n-v653-na-0410,NA,V653 / NA - 410,#4 To Ptarmigan 8/2/06 [trip : file title],1906,"Crevasse Ptarmigan Lake area, Rocky Mountains",https://archives.whyte.org/en/permalink/descriptions35901,https://archives.whyte.org/media/archives/Vaux/wmcr-vaux-1n-v653-na-0410.jpg
wmcr-vaux-1n-v653-na-0411,NA,V653 / NA - 411,#4 To Ptarmigan 8/2/06 [trip : file title],1906,"Crevasse Ptarmigan Lake area, Rocky Mountains",https://archives.whyte.org/en/permalink/descriptions35902,https://archives.whyte.org/media/archives/Vaux/wmcr-vaux-1n-v653-na-0411.jpg
wmcr-vaux-1n-v653-na-0412,NA,V653 / NA - 412,#4 To Ptarmigan 8/2/06 [trip : file title],1906,"Bergschrund Ptarmigan Lake area, Rocky Mountains",https://archives.whyte.org/en/permalink/descriptions35903,https://archives.whyte.org/media/archives/Vaux/wmcr-vaux-1n-v653-na-0412.jpg
wmcr-vaux-1n-v653-na-0413,NA,V653 / NA - 413,#5 To Pipestone Pass 8/4/06  [trip : file title],1906,Pack train at Pipestone River Rocky Mountains,https://archives.whyte.org/en/permalink/descriptions35002,https://archives.whyte.org/media/archives/Vaux/wmcr-vaux-1n-v653-na-0413.jpg
wmcr-vaux-1n-v653-na-0414,NA,V653 / NA - 414,#5 To Pipestone Pass 8/4/06  [trip : file title],1906,Rocky Mountains,https://archives.whyte.org/en/permalink/descriptions35904,https://archives.whyte.org/media/archives/Vaux/wmcr-vaux-1n-v653-na-0414.jpg
wmcr-vaux-1n-v653-na-0415,NA,V653 / NA - 415,#5 To Pipestone Pass 8/4/06  [trip : file title],1906,Rocky Mountains,https://archives.whyte.org/en/permalink/descriptions35905,https://archives.whyte.org/media/archives/Vaux/wmcr-vaux-1n-v653-na-0415.jpg
wmcr-vaux-1n-v653-na-0416,NA,V653 / NA - 416,#5 To Pipestone Pass 8/4/06  [trip : file title],1906,Rocky Mountains,https://archives.whyte.org/en/permalink/descriptions35906,https://archives.whyte.org/media/archives/Vaux/wmcr-vaux-1n-v653-na-0416.jpg
wmcr-vaux-1n-v653-na-0417,NA,V653 / NA - 417,#5 To Pipestone Pass 8/4/06  [trip : file title],1906,Mount Temple from Ptarmigan Valley Rocky Mountains,https://archives.whyte.org/en/permalink/descriptions35907,https://archives.whyte.org/media/archives/Vaux/wmcr-vaux-1n-v653-na-0417.jpg
wmcr-vaux-1n-v653-na-0418,NA,V653 / NA - 418,#5 To Pipestone Pass 8/4/06  [trip : file title],1906,"Pipestone Pass area, Rocky Mountains",https://archives.whyte.org/en/permalink/descriptions35908,https://archives.whyte.org/media/archives/Vaux/wmcr-vaux-1n-v653-na-0418.jpg
wmcr-vaux-1n-v653-na-0419,NA,V653 / NA - 419,#5 To Pipestone Pass 8/4/06  [trip : file title],1906,Rocky Mountains,https://archives.whyte.org/en/permalink/descriptions35909,https://archives.whyte.org/media/archives/Vaux/wmcr-vaux-1n-v653-na-0419.jpg
wmcr-vaux-1n-v653-na-0420,NA,V653 / NA - 420,#5 To Pipestone Pass 8/4/06  [trip : file title],1906,Rocky Mountains,https://archives.whyte.org/en/permalink/descriptions35910,https://archives.whyte.org/media/archives/Vaux/wmcr-vaux-1n-v653-na-0420.jpg
wmcr-vaux-1n-v653-na-0421,NA,V653 / NA - 421,#5 To Pipestone Pass 8/4/06  [trip : file title],1906,Rocky Mountains,https://archives.whyte.org/en/permalink/descriptions35911,https://archives.whyte.org/media/archives/Vaux/wmcr-vaux-1n-v653-na-0421.jpg
wmcr-vaux-1v-v653-ps-111,PS,V653 / PS - 111,#6 To Lake Louise and (Yoho?),[1906],,https://archives.whyte.org/en/permalink/descriptions34208,https://archives.whyte.org/media/archives/Vaux/wmcr-vaux-1v-v653-ps-111.jpg
wmcr-vaux-1n-v653-na-0422,NA,V653 / NA - 422,#6 To Lake Louise and Yoho. 8/6/06 [trip : file title],1906,Rocky Mountains,https://archives.whyte.org/en/permalink/descriptions35003,https://archives.whyte.org/media/archives/Vaux/wmcr-vaux-1n-v653-na-0422.jpg
wmcr-vaux-1n-v653-na-0423,NA,V653 / NA - 423,#6 To Lake Louise and Yoho. 8/6/06 [trip : file title],1906,Rocky Mountains,https://archives.whyte.org/en/permalink/descriptions35912,https://archives.whyte.org/media/archives/Vaux/wmcr-vaux-1n-v653-na-0423.jpg
wmcr-vaux-1n-v653-na-0424,NA,V653 / NA - 424,#6 To Lake Louise and Yoho. 8/6/06 [trip : file title],1906,Molar Mountain from Pipestone River Rocky Mountains,https://archives.whyte.org/en/permalink/descriptions35913,https://archives.whyte.org/media/archives/Vaux/wmcr-vaux-1n-v653-na-0424.jpg
wmcr-vaux-1n-v653-na-0425,NA,V653 / NA - 425,#6 To Lake Louise and Yoho. 8/6/06 [trip : file title],1906,Rocky Mountains,https://archives.whyte.org/en/permalink/descriptions35914,https://archives.whyte.org/media/archives/Vaux/wmcr-vaux-1n-v653-na-0425.jpg
wmcr-vaux-1n-v653-na-0437,NA,V653 / NA - 437,#7 [file title],1906,"Yoho area?, Rocky Mountains",https://archives.whyte.org/en/permalink/descriptions35010,https://archives.whyte.org/media/archives/Vaux/wmcr-vaux-1n-v653-na-0437.jpg
wmcr-vaux-1n-v653-na-0441,NA,V653 / NA - 441,#7 [file title],1906,"Takakkaw Falls, Rocky Mountains",https://archives.whyte.org/en/permalink/descriptions35011,https://archives.whyte.org/media/archives/Vaux/wmcr-vaux-1n-v653-na-0441.jpg
wmcr-vaux-1n-v653-na-0442,NA,V653 / NA - 442,#7 [file title],1906,"Twin Falls, Rocky Mountains",https://archives.whyte.org/en/permalink/descriptions35012,https://archives.whyte.org/media/archives/Vaux/wmcr-vaux-1n-v653-na-0442.jpg
wmcr-vaux-1n-v653-na-0444,NA,V653 / NA - 444,#7 [file title],1906,"Mount Niles?, Rocky Mountains",https://archives.whyte.org/en/permalink/descriptions35013,https://archives.whyte.org/media/archives/Vaux/wmcr-vaux-1n-v653-na-0444.jpg
wmcr-vaux-1n-v653-na-0448,NA,V653 / NA - 448,#7 [file title],1906,"Scree Yoho area, Rocky Mountains",https://archives.whyte.org/en/permalink/descriptions35017,https://archives.whyte.org/media/archives/Vaux/wmcr-vaux-1n-v653-na-0448.jpg
wmcr-vaux-1n-v653-na-0438,NA,V653 / NA - 438,#7 [file title],[1906],"Yoho area?, Rocky Mountains",https://archives.whyte.org/en/permalink/descriptions36481,https://archives.whyte.org/media/archives/Vaux/wmcr-vaux-1n-v653-na-0438.jpg
wmcr-vaux-1n-v653-na-0439,NA,V653 / NA - 439,#7 [file title],[1906],"Yoho area?, Rocky Mountains",https://archives.whyte.org/en/permalink/descriptions36482,https://archives.whyte.org/media/archives/Vaux/wmcr-vaux-1n-v653-na-0439.jpg
wmcr-vaux-1n-v653-na-0443,NA,V653 / NA - 443,#7 [file title],[1906],"Twin Falls, Rocky Mountains",https://archives.whyte.org/en/permalink/descriptions36483,https://archives.whyte.org/media/archives/Vaux/wmcr-vaux-1n-v653-na-0443.jpg
wmcr-vaux-1n-v653-na-0470,NA,V653 / NA - 470,#8 To Laughing Falls 1906 [trip : file title],1906,"Pack trip to Laughing Falls, Mount Robson area",https://archives.whyte.org/en/permalink/descriptions35037,https://archives.whyte.org/media/archives/Vaux/wmcr-vaux-1n-v653-na-0470.jpg
wmcr-vaux-1n-v653-na-0471,NA,V653 / NA - 471,#8 To Laughing Falls 1906 [trip : file title],1906,"Pack trip to Laughing Falls, Mount Robson area",https://archives.whyte.org/en/permalink/descriptions35915,https://archives.whyte.org/media/archives/Vaux/wmcr-vaux-1n-v653-na-0471.jpg
wmcr-vaux-1n-v653-na-0472,NA,V653 / NA - 472,#8 To Laughing Falls 1906 [trip : file title],1906,"Pack trip to Laughing Falls, Mount Robson area",https://archives.whyte.org/en/permalink/descriptions35916,https://archives.whyte.org/media/archives/Vaux/wmcr-vaux-1n-v653-na-0472.jpg
wmcr-vaux-1n-v653-na-0473,NA,V653 / NA - 473,#8 To Laughing Falls 1906 [trip : file title],1906,"Pack trip to Laughing Falls, Mount Robson area",https://archives.whyte.org/en/permalink/descriptions35917,https://archives.whyte.org/media/archives/Vaux/wmcr-vaux-1n-v653-na-0473.jpg
wmcr-vaux-1n-v653-na-0474,NA,V653 / NA - 474,#8 To Laughing Falls 1906 [trip : file title],1906,"Pack trip to Laughing Falls, Mount Robson area",https://archives.whyte.org/en/permalink/descriptions35918,https://archives.whyte.org/media/archives/Vaux/wmcr-vaux-1n-v653-na-0474.jpg
wmcr-vaux-1n-v653-na-0475,NA,V653 / NA - 475,#8 To Laughing Falls 1906 [trip : file title],1906,"Pack trip to Laughing Falls, Mount Robson area",https://archives.whyte.org/en/permalink/descriptions35919,https://archives.whyte.org/media/archives/Vaux/wmcr-vaux-1n-v653-na-0475.jpg
wmcr-vaux-1n-v653-na-0476,NA,V653 / NA - 476,#8 To Laughing Falls 1906 [trip : file title],1906,"Pack trip to Laughing Falls, Mount Robson area",https://archives.whyte.org/en/permalink/descriptions35920,https://archives.whyte.org/media/archives/Vaux/wmcr-vaux-1n-v653-na-0476.jpg
wmcr-vaux-1n-v653-na-0498,NA,V653 / NA - 498,#11 [file title],1906,Tower of Babel and Moraine Lake Rocky Mountains,https://archives.whyte.org/en/permalink/descriptions35043,https://archives.whyte.org/media/archives/Vaux/wmcr-vaux-1n-v653-na-0498.jpg
wmcr-vaux-1n-v653-na-0504,NA,V653 / NA - 504,#11 [file title],1906,"Moraine Lake area, Rocky Mountains",https://archives.whyte.org/en/permalink/descriptions35394,https://archives.whyte.org/media/archives/Vaux/wmcr-vaux-1n-v653-na-0504.jpg
wmcr-vaux-1n-v653-na-0499,NA,V653 / NA - 499,#11 [file title],1906,Mount Bident and Mount Quadra from above outlet of Valley of the Ten Peaks Rocky Mountains,https://archives.whyte.org/en/permalink/descriptions35930,https://archives.whyte.org/media/archives/Vaux/wmcr-vaux-1n-v653-na-0499.jpg
wmcr-vaux-1n-v653-na-0500,NA,V653 / NA - 500,#11 [file title],1906,Mount Bident and Mount Quadra from above outlet of Valley of the Ten Peaks Rocky Mountains,https://archives.whyte.org/en/permalink/descriptions35931,https://archives.whyte.org/media/archives/Vaux/wmcr-vaux-1n-v653-na-0500.jpg
wmcr-vaux-1n-v653-na-0501,NA,V653 / NA - 501,#11 [file title],1906,"Valley of the Ten Peaks, Rocky Mountains",https://archives.whyte.org/en/permalink/descriptions35932,https://archives.whyte.org/media/archives/Vaux/wmcr-vaux-1n-v653-na-0501.jpg
wmcr-vaux-1n-v653-na-0502,NA,V653 / NA - 502,#11 [file title],1906,"Moraine Lake area, Rocky Mountains",https://archives.whyte.org/en/permalink/descriptions35933,https://archives.whyte.org/media/archives/Vaux/wmcr-vaux-1n-v653-na-0502.jpg
wmcr-vaux-1n-v653-na-0503,NA,V653 / NA - 503,#11 [file title],1906,"Moraine Lake area, Rocky Mountains",https://archives.whyte.org/en/permalink/descriptions35934,https://archives.whyte.org/media/archives/Vaux/wmcr-vaux-1n-v653-na-0503.jpg
wmcr-vaux-1n-v653-na-0505,NA,V653 / NA - 505,#11 [file title],1906,"Moraine Lake area, Rocky Mountains",https://archives.whyte.org/en/permalink/descriptions36098,https://archives.whyte.org/media/archives/Vaux/wmcr-vaux-1n-v653-na-0505.jpg
wmcr-vaux-1n-v653-na-0506,NA,V653 / NA - 506,#11 [file title],1906,"Moraine Lake area, Rocky Mountains",https://archives.whyte.org/en/permalink/descriptions36099,https://archives.whyte.org/media/archives/Vaux/wmcr-vaux-1n-v653-na-0506.jpg
wmcr-vaux-1n-v653-na-0507,NA,V653 / NA - 507,#11 [file title],1906,"Moraine Lake area, Rocky Mountains",https://archives.whyte.org/en/permalink/descriptions36100,https://archives.whyte.org/media/archives/Vaux/wmcr-vaux-1n-v653-na-0507.jpg
wmcr-vaux-1n-v653-na-0508,NA,V653 / NA - 508,#11 [file title],1906,"Moraine Lake area, Rocky Mountains",https://archives.whyte.org/en/permalink/descriptions36101,https://archives.whyte.org/media/archives/Vaux/wmcr-vaux-1n-v653-na-0508.jpg
wmcr-vaux-1v-v653-ps-167,PS,V653 / PS - 167,Androsace carinata,[between 1900 and 1906],,https://archives.whyte.org/en/permalink/descriptions34264,https://archives.whyte.org/media/archives/Vaux/wmcr-vaux-1v-v653-ps-167.jpg
wmcr-vaux-1n-v653-na-0477,NA,V653 / NA - 477,"Asulkan, Burgess Pass #9, to Summit Lake 1906 [trip : file title]",1906,Alpine Club of  camp at Summit Lake Selkirk Mountains,https://archives.whyte.org/en/permalink/descriptions35038,https://archives.whyte.org/media/archives/Vaux/wmcr-vaux-1n-v653-na-0477.jpg
wmcr-vaux-1n-v653-na-0485,NA,V653 / NA - 485,"Asulkan, Burgess Pass #9, to Summit Lake 1906 [trip : file title]",1906,Riders preparing to depart Lake Louise Chalet,https://archives.whyte.org/en/permalink/descriptions35041,https://archives.whyte.org/media/archives/Vaux/wmcr-vaux-1n-v653-na-0485.jpg
wmcr-vaux-1n-v653-na-0478,NA,V653 / NA - 478,"Asulkan, Burgess Pass #9, to Summit Lake 1906 [trip : file title]",1906,Alpine Club of  camp at Summit Lake Selkirk Mountains,https://archives.whyte.org/en/permalink/descriptions35921,https://archives.whyte.org/media/archives/Vaux/wmcr-vaux-1n-v653-na-0478.jpg
wmcr-vaux-1n-v653-na-0479,NA,V653 / NA - 479,"Asulkan, Burgess Pass #9, to Summit Lake 1906 [trip : file title]",1906,Alpine Club of  camp at Summit Lake Selkirk Mountains,https://archives.whyte.org/en/permalink/descriptions35922,https://archives.whyte.org/media/archives/Vaux/wmcr-vaux-1n-v653-na-0479.jpg
wmcr-vaux-1n-v653-na-0482,NA,V653 / NA - 482,"Asulkan, Burgess Pass #9, to Summit Lake 1906 [trip : file title]",1906,Alpine Club of  camp at Summit Lake Selkirk Mountains,https://archives.whyte.org/en/permalink/descriptions35923,https://archives.whyte.org/media/archives/Vaux/wmcr-vaux-1n-v653-na-0482.jpg
wmcr-vaux-1n-v653-na-0483,NA,V653 / NA - 483,"Asulkan, Burgess Pass #9, to Summit Lake 1906 [trip : file title]",1906,Alpine Club of  camp at Summit Lake Selkirk Mountains,https://archives.whyte.org/en/permalink/descriptions35924,https://archives.whyte.org/media/archives/Vaux/wmcr-vaux-1n-v653-na-0483.jpg
wmcr-vaux-1n-v653-na-0486,NA,V653 / NA - 486,"Asulkan, Burgess Pass #9, to Summit Lake 1906 [trip : file title]",1906,Riders preparing to depart Lake Louise Chalet,https://archives.whyte.org/en/permalink/descriptions36487,https://archives.whyte.org/media/archives/Vaux/wmcr-vaux-1n-v653-na-0486.jpg
wmcr-vaux-1n-v653-na-0487,NA,V653 / NA - 487,"Asulkan, Burgess Pass #10, to Asulkan 1906 [trip : file title]",1906,"Selkirk Mountains, location unknown",https://archives.whyte.org/en/permalink/descriptions35042,https://archives.whyte.org/media/archives/Vaux/wmcr-vaux-1n-v653-na-0487.jpg
wmcr-vaux-1n-v653-na-0493,NA,V653 / NA - 493,"Asulkan, Burgess Pass #10, to Asulkan 1906 [trip : file title]",1906,"Selkirk Mountains, location unknown",https://archives.whyte.org/en/permalink/descriptions35393,https://archives.whyte.org/media/archives/Vaux/wmcr-vaux-1n-v653-na-0493.jpg
wmcr-vaux-1n-v653-na-0488,NA,V653 / NA - 488,"Asulkan, Burgess Pass #10, to Asulkan 1906 [trip : file title]",1906,"Selkirk Mountains, location unknown",https://archives.whyte.org/en/permalink/descriptions35925,https://archives.whyte.org/media/archives/Vaux/wmcr-vaux-1n-v653-na-0488.jpg
wmcr-vaux-1n-v653-na-0489,NA,V653 / NA - 489,"Asulkan, Burgess Pass #10, to Asulkan 1906 [trip : file title]",1906,"Selkirk Mountains, location unknown",https://archives.whyte.org/en/permalink/descriptions35926,https://archives.whyte.org/media/archives/Vaux/wmcr-vaux-1n-v653-na-0489.jpg
wmcr-vaux-1n-v653-na-0490,NA,V653 / NA - 490,"Asulkan, Burgess Pass #10, to Asulkan 1906 [trip : file title]",1906,"Selkirk Mountains, location unknown",https://archives.whyte.org/en/permalink/descriptions35927,https://archives.whyte.org/media/archives/Vaux/wmcr-vaux-1n-v653-na-0490.jpg
wmcr-vaux-1n-v653-na-0491,NA,V653 / NA - 491,"Asulkan, Burgess Pass #10, to Asulkan 1906 [trip : file title]",1906,"Selkirk Mountains, location unknown",https://archives.whyte.org/en/permalink/descriptions35928,https://archives.whyte.org/media/archives/Vaux/wmcr-vaux-1n-v653-na-0491.jpg
wmcr-vaux-1n-v653-na-0492,NA,V653 / NA - 492,"Asulkan, Burgess Pass #10, to Asulkan 1906 [trip : file title]",1906,"Selkirk Mountains, location unknown",https://archives.whyte.org/en/permalink/descriptions35929,https://archives.whyte.org/media/archives/Vaux/wmcr-vaux-1n-v653-na-0492.jpg
wmcr-vaux-1n-v653-na-0494,NA,V653 / NA - 494,"Asulkan, Burgess Pass #10, to Asulkan 1906 [trip : file title]",1906,"Selkirk Mountains, location unknown",https://archives.whyte.org/en/permalink/descriptions36094,https://archives.whyte.org/media/archives/Vaux/wmcr-vaux-1n-v653-na-0494.jpg
wmcr-vaux-1n-v653-na-0495,NA,V653 / NA - 495,"Asulkan, Burgess Pass #10, to Asulkan 1906 [trip : file title]",1906,"Selkirk Mountains, location unknown",https://archives.whyte.org/en/permalink/descriptions36095,https://archives.whyte.org/media/archives/Vaux/wmcr-vaux-1n-v653-na-0495.jpg
wmcr-vaux-1n-v653-na-0496,NA,V653 / NA - 496,"Asulkan, Burgess Pass #10, to Asulkan 1906 [trip : file title]",1906,"Selkirk Mountains, location unknown",https://archives.whyte.org/en/permalink/descriptions36096,https://archives.whyte.org/media/archives/Vaux/wmcr-vaux-1n-v653-na-0496.jpg
wmcr-vaux-1n-v653-na-0497,NA,V653 / NA - 497,"Asulkan, Burgess Pass #10, to Asulkan 1906 [trip : file title]",1906,"Grouse, Selkirk Mountains",https://archives.whyte.org/en/permalink/descriptions36097,https://archives.whyte.org/media/archives/Vaux/wmcr-vaux-1n-v653-na-0497.jpg
wmcr-vaux-1v-v653-ps-003,PS,V653 / PS - 3,"Bridge at Spuzzum, Fraser River / W.S.V.Jr.",[between 1900 and 1906],Hand-coloured by Mary M. Vaux,https://archives.whyte.org/en/permalink/descriptions34103,https://archives.whyte.org/media/archives/Vaux/wmcr-vaux-1v-v653-ps-003.jpg
wmcr-vaux-1n-v653-na-1388,NA,V653 / NA - 1388,Camp at Summit Lake (No.1) 1906,1906,Rocky Mountains,https://archives.whyte.org/en/permalink/descriptions35045,https://archives.whyte.org/media/archives/Vaux/wmcr-vaux-1n-v653-na-1388.jpg
wmcr-vaux-1n-v653-na-1389,NA,V653 / NA - 1389,Camp at Summit Lake (No.2) 1906,1906,Rocky Mountains,https://archives.whyte.org/en/permalink/descriptions36823,https://archives.whyte.org/media/archives/Vaux/wmcr-vaux-1n-v653-na-1389.jpg
wmcr-vaux-1n-v653-na-1390,NA,V653 / NA - 1390,Camp at Summit Lake (No.3) 1906,1906,Rocky Mountains,https://archives.whyte.org/en/permalink/descriptions36824,https://archives.whyte.org/media/archives/Vaux/wmcr-vaux-1n-v653-na-1390.jpg
wmcr-vaux-1v-v653-ps-098,PS,V653 / PS - 98,"Emerald Group from Wapta, Yoho 1906 / Vaux",1906,Rocky Mountains,https://archives.whyte.org/en/permalink/descriptions34196,https://archives.whyte.org/media/archives/Vaux/wmcr-vaux-1v-v653-ps-098.jpg
wmcr-vaux-1n-v653-na-1412,NA,V653 / NA - 1412,Forefoot of Wapta Glacier (No.26) 1906,1906,Rocky Mountains,https://archives.whyte.org/en/permalink/descriptions35060,https://archives.whyte.org/media/archives/Vaux/wmcr-vaux-1n-v653-na-1412.jpg
wmcr-vaux-1n-v653-na-1413,NA,V653 / NA - 1413,Forefoot of Wapta Glacier (No.27) 1906,1906,Rocky Mountains,https://archives.whyte.org/en/permalink/descriptions36828,https://archives.whyte.org/media/archives/Vaux/wmcr-vaux-1n-v653-na-1413.jpg
wmcr-vaux-1v-v653-ps-168,PS,V653 / PS - 168,Fragaria glarica,[between 1900 and 1906],,https://archives.whyte.org/en/permalink/descriptions34265,https://archives.whyte.org/media/archives/Vaux/wmcr-vaux-1v-v653-ps-168.jpg
wmcr-vaux-1n-v653-na-1397,NA,V653 / NA - 1397,Head of Upper Yoho from below camp (No.10) 1906,1906,Rocky Mountains,https://archives.whyte.org/en/permalink/descriptions35049,https://archives.whyte.org/media/archives/Vaux/wmcr-vaux-1n-v653-na-1397.jpg
wmcr-vaux-1n-v653-na-1400,NA,V653 / NA - 1400,Head of Upper Yoho from camp (No.13) 1906,1906,Rocky Mountains,https://archives.whyte.org/en/permalink/descriptions35052,https://archives.whyte.org/media/archives/Vaux/wmcr-vaux-1n-v653-na-1400.jpg
wmcr-vaux-1n-v653-na-1391,NA,V653 / NA - 1391,"Head of Upper Yoho, panorama 1906 (No.4) : [pan 1 of 4]",1906,Portion of 4-part panorama No.4 to 7 : WMCR-V653/NA-1391 to 1394 Rocky Mountains,https://archives.whyte.org/en/permalink/descriptions35046,https://archives.whyte.org/media/archives/Vaux/wmcr-vaux-1n-v653-na-1391.jpg
wmcr-vaux-1n-v653-na-1392,NA,V653 / NA - 1392,"Head of Upper Yoho, panorama 1906 (No.5) : [pan 2 of 4]",1906,Portion of 4-part panorama No.4 to 7 : WMCR-V653/NA-1391 to 1394 Rocky Mountains,https://archives.whyte.org/en/permalink/descriptions36620,https://archives.whyte.org/media/archives/Vaux/wmcr-vaux-1n-v653-na-1392.jpg
wmcr-vaux-1n-v653-na-1393,NA,V653 / NA - 1393,"Head of Upper Yoho, panorama 1906 (No.6) : [pan 3 of 4]",1906,Portion of 4-part panorama No.4 to 7 : WMCR-V653/NA-1391 to 1394 Rocky Mountains,https://archives.whyte.org/en/permalink/descriptions36621,https://archives.whyte.org/media/archives/Vaux/wmcr-vaux-1n-v653-na-1393.jpg
wmcr-vaux-1n-v653-na-1394,NA,V653 / NA - 1394,"Head of Upper Yoho, panorama 1906 (No.7) : [pan 4 of 4]",1906,Portion of 4-part panorama No.4 to 7 : WMCR-V653/NA-1391 to 1394 Rocky Mountains,https://archives.whyte.org/en/permalink/descriptions36622,https://archives.whyte.org/media/archives/Vaux/wmcr-vaux-1n-v653-na-1394.jpg
wmcr-vaux-1n-v653-na-1431,NA,V653 / NA - 1431,"Head of Valley above the caves, panorama 1906 (No.45) : [pan 1 of 4]",1906,Portion of 4-part panorama No.45 to 48 : WMCR-V653/NA-1431 to 1434,https://archives.whyte.org/en/permalink/descriptions35066,https://archives.whyte.org/media/archives/Vaux/wmcr-vaux-1n-v653-na-1431.jpg
wmcr-vaux-1n-v653-na-1432,NA,V653 / NA - 1432,"Head of Valley above the caves, panorama 1906 (No.46) : [pan 2 of 4]",1906,Portion of 4-part panorama No.45 to 48 : WMCR-V653/NA-1431 to 1434,https://archives.whyte.org/en/permalink/descriptions36625,https://archives.whyte.org/media/archives/Vaux/wmcr-vaux-1n-v653-na-1432.jpg
wmcr-vaux-1n-v653-na-1433,NA,V653 / NA - 1433,"Head of Valley above the caves, panorama 1906 (No.47) : [pan 3 of 4]",1906,Portion of 4-part panorama No.45 to 48 : WMCR-V653/NA-1431 to 1434,https://archives.whyte.org/en/permalink/descriptions36626,https://archives.whyte.org/media/archives/Vaux/wmcr-vaux-1n-v653-na-1433.jpg
wmcr-vaux-1n-v653-na-1434,NA,V653 / NA - 1434,"Head of Valley above the caves, panorama 1906 (No.48) : [pan 4 of 4]",1906,Portion of 4-part panorama No.45 to 48 : WMCR-V653/NA-1431 to 1434,https://archives.whyte.org/en/permalink/descriptions36627,https://archives.whyte.org/media/archives/Vaux/wmcr-vaux-1n-v653-na-1434.jpg
wmcr-vaux-1n-v653-na-1396,NA,V653 / NA - 1396,Head of Yoho with stream (best) (No.9) 1906,1906,Rocky Mountains,https://archives.whyte.org/en/permalink/descriptions35048,https://archives.whyte.org/media/archives/Vaux/wmcr-vaux-1n-v653-na-1396.jpg
wmcr-vaux-1v-v653-ps-099,PS,V653 / PS - 99,"Horsehoe Glacier, Paradise Valley 1906 / Vaux",1906,Rocky Mountains,https://archives.whyte.org/en/permalink/descriptions34197,https://archives.whyte.org/media/archives/Vaux/wmcr-vaux-1v-v653-ps-099.jpg
wmcr-vaux-1n-v653-na-1451,NA,V653 / NA - 1451,Hungabee from Paradise Valley (No.66) 1906,1906,Rocky Mountains,https://archives.whyte.org/en/permalink/descriptions35076,https://archives.whyte.org/media/archives/Vaux/wmcr-vaux-1n-v653-na-1451.jpg
wmcr-vaux-1v-v653-ps-103,PS,V653 / PS - 103,Hungabee from Paradise Valley (No.66),[between 1900 and 1906],Rocky Mountains,https://archives.whyte.org/en/permalink/descriptions34201,https://archives.whyte.org/media/archives/Vaux/wmcr-vaux-1v-v653-ps-103.jpg
wmcr-vaux-1n-v653-na-1403,NA,V653 / NA - 1403,"Ice arch, Wapta Glacier (No.16) 1906",1906,Rocky Mountains,https://archives.whyte.org/en/permalink/descriptions35054,https://archives.whyte.org/media/archives/Vaux/wmcr-vaux-1n-v653-na-1403.jpg
wmcr-vaux-1n-v653-na-1404,NA,V653 / NA - 1404,"Ice arch, Wapta Glacier (No.17) 1906",1906,Rocky Mountains,https://archives.whyte.org/en/permalink/descriptions36826,https://archives.whyte.org/media/archives/Vaux/wmcr-vaux-1n-v653-na-1404.jpg
wmcr-vaux-1n-v653-na-1405,NA,V653 / NA - 1405,"Ice arch, Wapta Glacier (No.18) 1906",1906,Rocky Mountains,https://archives.whyte.org/en/permalink/descriptions36827,https://archives.whyte.org/media/archives/Vaux/wmcr-vaux-1n-v653-na-1405.jpg
wmcr-vaux-1n-v653-na-1486,NA,V653 / NA - 1486,Lake Louise Chalet (No.101) 1906,1906,,https://archives.whyte.org/en/permalink/descriptions35093,https://archives.whyte.org/media/archives/Vaux/wmcr-vaux-1n-v653-na-1486.jpg
wmcr-vaux-1n-v653-na-1487,NA,V653 / NA - 1487,Lake Louise Chalet (No.102) 1906,1906,,https://archives.whyte.org/en/permalink/descriptions36833,https://archives.whyte.org/media/archives/Vaux/wmcr-vaux-1n-v653-na-1487.jpg
wmcr-vaux-1n-v653-na-1416,NA,V653 / NA - 1416,Laughing Falls 1906  : (No.30),1906,"Mount Robson area, Rocky Mountains",https://archives.whyte.org/en/permalink/descriptions35064,https://archives.whyte.org/media/archives/Vaux/wmcr-vaux-1n-v653-na-1416.jpg
wmcr-vaux-1n-v653-na-1417,NA,V653 / NA - 1417,Laughing Falls 1906  : (No.31),1906,"Mount Robson area, Rocky Mountains",https://archives.whyte.org/en/permalink/descriptions35939,https://archives.whyte.org/media/archives/Vaux/wmcr-vaux-1n-v653-na-1417.jpg
wmcr-vaux-1n-v653-na-1418,NA,V653 / NA - 1418,Laughing Falls 1906  : (No.32),1906,"Mount Robson area, Rocky Mountains",https://archives.whyte.org/en/permalink/descriptions35940,https://archives.whyte.org/media/archives/Vaux/wmcr-vaux-1n-v653-na-1418.jpg
wmcr-vaux-1n-v653-na-1419,NA,V653 / NA - 1419,Laughing Falls 1906  : (No.33?),1906,"Mount Robson area, Rocky Mountains",https://archives.whyte.org/en/permalink/descriptions35941,https://archives.whyte.org/media/archives/Vaux/wmcr-vaux-1n-v653-na-1419.jpg
wmcr-vaux-1n-v653-na-1420,NA,V653 / NA - 1420,Laughing Falls 1906  : (No.34),1906,"Mount Robson area, Rocky Mountains",https://archives.whyte.org/en/permalink/descriptions35942,https://archives.whyte.org/media/archives/Vaux/wmcr-vaux-1n-v653-na-1420.jpg
wmcr-vaux-1n-v653-na-1421,NA,V653 / NA - 1421,Laughing Falls 1906  : (No.35),1906,"Mount Robson area, Rocky Mountains",https://archives.whyte.org/en/permalink/descriptions35943,https://archives.whyte.org/media/archives/Vaux/wmcr-vaux-1n-v653-na-1421.jpg
wmcr-vaux-1n-v653-na-1422,NA,V653 / NA - 1422,Laughing Falls 1906  : (No.36),1906,"Mount Robson area, Rocky Mountains",https://archives.whyte.org/en/permalink/descriptions35944,https://archives.whyte.org/media/archives/Vaux/wmcr-vaux-1n-v653-na-1422.jpg
wmcr-vaux-1n-v653-na-1423,NA,V653 / NA - 1423,Laughing Falls 1906  : (No.37),1906,"Mount Robson area, Rocky Mountains",https://archives.whyte.org/en/permalink/descriptions35945,https://archives.whyte.org/media/archives/Vaux/wmcr-vaux-1n-v653-na-1423.jpg
wmcr-vaux-1n-v653-na-1424,NA,V653 / NA - 1424,Laughing Falls 1906  : (No.38),1906,"Mount Robson area, Rocky Mountains",https://archives.whyte.org/en/permalink/descriptions35946,https://archives.whyte.org/media/archives/Vaux/wmcr-vaux-1n-v653-na-1424.jpg
wmcr-vaux-1n-v653-na-1425,NA,V653 / NA - 1425,Laughing Falls 1906  : (No.39),1906,"Mount Robson area, Rocky Mountains",https://archives.whyte.org/en/permalink/descriptions35947,https://archives.whyte.org/media/archives/Vaux/wmcr-vaux-1n-v653-na-1425.jpg
wmcr-vaux-1n-v653-na-1468,NA,V653 / NA - 1468,"Lone Tree Lake & Mt. Richardson, panorama 1906 (No.83) : [pan 1 of 2]",1906,"Portion of 2-part panorama No.83, 84 : WMCR-V653/NA-1468, 1469 Rocky Mountains",https://archives.whyte.org/en/permalink/descriptions35084,https://archives.whyte.org/media/archives/Vaux/wmcr-vaux-1n-v653-na-1468.jpg
wmcr-vaux-1n-v653-na-1469,NA,V653 / NA - 1469,"Lone Tree Lake & Mt. Richardson, panorama 1906 (No.84) : [pan 2 of 2]",1906,"Portion of 2-part panorama No.83, 84 : WMCR-V653/NA-1468, 1469 Rocky Mountains",https://archives.whyte.org/en/permalink/descriptions36638,https://archives.whyte.org/media/archives/Vaux/wmcr-vaux-1n-v653-na-1469.jpg
wmcr-vaux-1v-v653-ps-107,PS,V653 / PS - 107,Looking back at Bow Range from Ptarmigan Valley 1906 / Vaux,1906,Rocky Mountains,https://archives.whyte.org/en/permalink/descriptions34205,https://archives.whyte.org/media/archives/Vaux/wmcr-vaux-1v-v653-ps-107.jpg
wmcr-vaux-1v-v653-ps-095,PS,V653 / PS - 95,"Looking back from Fort, Wapta Glacier, Yoho Valley, Field B. C. 1906 / Vaux",1906,Rocky Mountains,https://archives.whyte.org/en/permalink/descriptions34193,https://archives.whyte.org/media/archives/Vaux/wmcr-vaux-1v-v653-ps-095.jpg
wmcr-vaux-1n-v653-na-1442,NA,V653 / NA - 1442,Looking out of the cave (No.56) 1906,1906,,https://archives.whyte.org/en/permalink/descriptions35071,https://archives.whyte.org/media/archives/Vaux/wmcr-vaux-1n-v653-na-1442.jpg
wmcr-vaux-1n-v653-na-1471,NA,V653 / NA - 1471,Mt. Douglass & Lower Ptarmigan Lake (No.86) 1906,1906,,https://archives.whyte.org/en/permalink/descriptions35086,https://archives.whyte.org/media/archives/Vaux/wmcr-vaux-1n-v653-na-1471.jpg
wmcr-vaux-1v-v653-ps-108,PS,V653 / PS - 108,Mt. Douglass & Lower Ptarmigan Lake (No.86),[1906],,https://archives.whyte.org/en/permalink/descriptions35768,https://archives.whyte.org/media/archives/Vaux/wmcr-vaux-1v-v653-ps-108.jpg
wmcr-vaux-1n-v653-na-1478,NA,V653 / NA - 1478,Mt. Molar from Little Pipestone (No.93) 1906,1906,Rocky Mountains,https://archives.whyte.org/en/permalink/descriptions35091,https://archives.whyte.org/media/archives/Vaux/wmcr-vaux-1n-v653-na-1478.jpg
wmcr-vaux-1n-v653-na-1398,NA,V653 / NA - 1398,Mt. Niles and Mt. Daly from Upper Yoho (No.11) 1906,1906,Rocky Mountains,https://archives.whyte.org/en/permalink/descriptions35050,https://archives.whyte.org/media/archives/Vaux/wmcr-vaux-1n-v653-na-1398.jpg
wmcr-vaux-1v-v653-ps-097,PS,V653 / PS - 97,Mt. Niles and Mt. Daly from Upper Yoho (No.11),1906,Rocky Mountains,https://archives.whyte.org/en/permalink/descriptions34195,https://archives.whyte.org/media/archives/Vaux/wmcr-vaux-1v-v653-ps-097.jpg
wmcr-vaux-1n-v653-na-1477,NA,V653 / NA - 1477,Mt. Richardson 2nd Peak from camp on Little Pipestone (No.92) 1906,1906,Rocky Mountains,https://archives.whyte.org/en/permalink/descriptions35090,https://archives.whyte.org/media/archives/Vaux/wmcr-vaux-1n-v653-na-1477.jpg
wmcr-vaux-1n-v653-na-1475,NA,V653 / NA - 1475,"Mt. Richardson, Lone Tree & Cliff Lakes, & Little Pipestone Valley, panorama 1906 (No.90) : [pan 1 of 2]",1906,"Portion of 2-part panorama No.90, 92 : WMCR-V653/NA-1475, 1476 Rocky Mountains",https://archives.whyte.org/en/permalink/descriptions35089,https://archives.whyte.org/media/archives/Vaux/wmcr-vaux-1n-v653-na-1475.jpg
wmcr-vaux-1n-v653-na-1476,NA,V653 / NA - 1476,"Mt. Richardson, Lone Tree & Cliff Lakes, & Little Pipestone Valley, panorama 1906 (No.92) : [pan 2 of 2]",1906,"Portion of 2-part panorama No.90, 92 : WMCR-V653/NA-1475, 1476 Rocky Mountains",https://archives.whyte.org/en/permalink/descriptions36640,https://archives.whyte.org/media/archives/Vaux/wmcr-vaux-1n-v653-na-1476.jpg
wmcr-vaux-1n-v653-na-1474,NA,V653 / NA - 1474,"Mt. Richardson, Lone Tree & Cliff Lakes, & Little Pipestone Valley, panorama (No.89) 1906",1906,Rocky Mountains,https://archives.whyte.org/en/permalink/descriptions35088,https://archives.whyte.org/media/archives/Vaux/wmcr-vaux-1n-v653-na-1474.jpg
wmcr-vaux-1n-v653-na-1411,NA,V653 / NA - 1411,Mt. Stephen from foot of Wapta Glacier (best) (No.25) 1906,1906,Rocky Mountains,https://archives.whyte.org/en/permalink/descriptions35059,https://archives.whyte.org/media/archives/Vaux/wmcr-vaux-1n-v653-na-1411.jpg
wmcr-vaux-1n-v653-na-1410,NA,V653 / NA - 1410,Mt. Stephen from foot of Wapta Glacier (No.24) 1906,1906,Rocky Mountains,https://archives.whyte.org/en/permalink/descriptions35058,https://archives.whyte.org/media/archives/Vaux/wmcr-vaux-1n-v653-na-1410.jpg
wmcr-vaux-1n-v653-na-1466,NA,V653 / NA - 1466,Mt. Temple in cloud from near Ptarmigan Lake (No.81) 1906,1906,Rocky Mountains,https://archives.whyte.org/en/permalink/descriptions35082,https://archives.whyte.org/media/archives/Vaux/wmcr-vaux-1n-v653-na-1466.jpg
wmcr-vaux-1n-v653-na-1467,NA,V653 / NA - 1467,Mt. Temple in cloud (poor) (No.82) 1906,1906,Rocky Mountains,https://archives.whyte.org/en/permalink/descriptions35083,https://archives.whyte.org/media/archives/Vaux/wmcr-vaux-1n-v653-na-1467.jpg
wmcr-vaux-1n-v653-na-1462,NA,V653 / NA - 1462,"No.6 Temple, Hungabee, Aberdeen Group & Lefroy from entrance to Ptarmigan Valley (No.77) 1906",1906,Rocky Mountains,https://archives.whyte.org/en/permalink/descriptions35079,https://archives.whyte.org/media/archives/Vaux/wmcr-vaux-1n-v653-na-1462.jpg
wmcr-vaux-1v-v653-ps-096,PS,V653 / PS - 96,"No.6, Temple, Hungabee, Aberdeen group & Lefroy from entrance to Ptarmigan Valley (No.77)",1906,Rocky Mountains,https://archives.whyte.org/en/permalink/descriptions34194,https://archives.whyte.org/media/archives/Vaux/wmcr-vaux-1v-v653-ps-096.jpg
wmcr-vaux-1n-v653-na-1463,NA,V653 / NA - 1463,"No.6 Temple, Hungabee, Aberdeen Group & Lefroy from entrance to Ptarmigan Valley (No.78) 1906",1906,Rocky Mountains,https://archives.whyte.org/en/permalink/descriptions36832,https://archives.whyte.org/media/archives/Vaux/wmcr-vaux-1n-v653-na-1463.jpg
wmcr-vaux-1n-v653-na-1438,NA,V653 / NA - 1438,"Old Point Comfort looking toward Illecillewaet Glacier, panorama 1906 (No.52) : [pan 1 of 2]",1906,"Portion of 2-part panorama No.52, 53 : WMCR-V653/NA-1438, 1439 Selkirk Mountains View includes Charles Deutschman standing on promontory",https://archives.whyte.org/en/permalink/descriptions35068,https://archives.whyte.org/media/archives/Vaux/wmcr-vaux-1n-v653-na-1438.jpg
wmcr-vaux-1n-v653-na-1439,NA,V653 / NA - 1439,"Old Point Comfort looking toward Illecillewaet Glacier, panorama 1906 (No.53) : [pan 2 of 2]",1906,"Portion of 2-part panorama No.52, 53 : WMCR-V653/NA-1438, 1439 Selkirk Mountains",https://archives.whyte.org/en/permalink/descriptions36628,https://archives.whyte.org/media/archives/Vaux/wmcr-vaux-1n-v653-na-1439.jpg
wmcr-vaux-1n-v653-na-1460,NA,V653 / NA - 1460,On the Horseshoe Glacier (No.75) 1906,1906,Rocky Mountains,https://archives.whyte.org/en/permalink/descriptions35078,https://archives.whyte.org/media/archives/Vaux/wmcr-vaux-1n-v653-na-1460.jpg
wmcr-vaux-1n-v653-na-1461,NA,V653 / NA - 1461,On the Horseshoe Glacier (No.76) 1906,1906,Rocky Mountains,https://archives.whyte.org/en/permalink/descriptions36831,https://archives.whyte.org/media/archives/Vaux/wmcr-vaux-1n-v653-na-1461.jpg
wmcr-vaux-1n-v653-na-1452,NA,V653 / NA - 1452,Pan from Horseshoe Glacier in Paradise Valley 1906 (No.66?) : [pan 1 of 8],1906,Portion of 8-part panorama No.67 to 73 : WMCR-V653/NA-1452 to 1459 Rocky Mountains,https://archives.whyte.org/en/permalink/descriptions35077,https://archives.whyte.org/media/archives/Vaux/wmcr-vaux-1n-v653-na-1452.jpg
wmcr-vaux-1n-v653-na-1453,NA,V653 / NA - 1453,Pan from Horseshoe Glacier in Paradise Valley 1906 (No.67?) : [pan 2 of 8],1906,Portion of 8-part panorama No.66? to 73 : WMCR-V653/NA-1452 to 1459 Rocky Mountains,https://archives.whyte.org/en/permalink/descriptions36631,https://archives.whyte.org/media/archives/Vaux/wmcr-vaux-1n-v653-na-1453.jpg
wmcr-vaux-1n-v653-na-1454,NA,V653 / NA - 1454,Pan from Horseshoe Glacier in Paradise Valley 1906 (No.68?) : [pan 3 of 8],1906,Portion of 8-part panorama No.66? to 73 : WMCR-V653/NA-1452 to 1459 Rocky Mountains,https://archives.whyte.org/en/permalink/descriptions36632,https://archives.whyte.org/media/archives/Vaux/wmcr-vaux-1n-v653-na-1454.jpg
wmcr-vaux-1n-v653-na-1455,NA,V653 / NA - 1455,Pan from Horseshoe Glacier in Paradise Valley 1906 (No.69?) : [pan 4 of 8],1906,Portion of 8-part panorama No.66? to 73 : WMCR-V653/NA-1452 to 1459 Rocky Mountains,https://archives.whyte.org/en/permalink/descriptions36633,https://archives.whyte.org/media/archives/Vaux/wmcr-vaux-1n-v653-na-1455.jpg
wmcr-vaux-1n-v653-na-1456,NA,V653 / NA - 1456,Pan from Horseshoe Glacier in Paradise Valley 1906 (No.70?) : [pan 5 of 8],1906,Portion of 8-part panorama No.66? to 73 : WMCR-V653/NA-1452 to 1459 Rocky Mountains,https://archives.whyte.org/en/permalink/descriptions36634,https://archives.whyte.org/media/archives/Vaux/wmcr-vaux-1n-v653-na-1456.jpg
wmcr-vaux-1n-v653-na-1457,NA,V653 / NA - 1457,Pan from Horseshoe Glacier in Paradise Valley 1906 (No.71?) : [pan 6 of 8],1906,Portion of 8-part panorama No.66? to 73 : WMCR-V653/NA-1452 to 1459 Rocky Mountains,https://archives.whyte.org/en/permalink/descriptions36635,https://archives.whyte.org/media/archives/Vaux/wmcr-vaux-1n-v653-na-1457.jpg
wmcr-vaux-1n-v653-na-1458,NA,V653 / NA - 1458,Pan from Horseshoe Glacier in Paradise Valley 1906 (No.72?) : [pan 7 of 8],1906,Portion of 8-part panorama No.66? to 73 : WMCR-V653/NA-1452 to 1459 Rocky Mountains,https://archives.whyte.org/en/permalink/descriptions36636,https://archives.whyte.org/media/archives/Vaux/wmcr-vaux-1n-v653-na-1458.jpg
wmcr-vaux-1n-v653-na-1459,NA,V653 / NA - 1459,Pan from Horseshoe Glacier in Paradise Valley 1906 (No.73?) : [pan 8 of 8],1906,Portion of 8-part panorama No.66? to 73 : WMCR-V653/NA-1452 to 1459 Rocky Mountains,https://archives.whyte.org/en/permalink/descriptions36637,https://archives.whyte.org/media/archives/Vaux/wmcr-vaux-1n-v653-na-1459.jpg
wmcr-vaux-1n-v653-na-1448,NA,V653 / NA - 1448,"Panorama, head of Paradise Valley 1906 (No.63) : [pan 1 of 3]",1906,Portion of 3-part panorama No.63 to 65 : WMCR-V653/NA-1448 to 1450 Rocky Mountains,https://archives.whyte.org/en/permalink/descriptions35075,https://archives.whyte.org/media/archives/Vaux/wmcr-vaux-1n-v653-na-1448.jpg
wmcr-vaux-1n-v653-na-1449,NA,V653 / NA - 1449,"Panorama, head of Paradise Valley 1906 (No.64) : [pan 2 of 3]",1906,Portion of 3-part panorama No.63 to 65 : WMCR-V653/NA-1448 to 1450 Rocky Mountains,https://archives.whyte.org/en/permalink/descriptions36629,https://archives.whyte.org/media/archives/Vaux/wmcr-vaux-1n-v653-na-1449.jpg
wmcr-vaux-1n-v653-na-1450,NA,V653 / NA - 1450,"Panorama, head of Paradise Valley 1906 (No.65) : [pan 3 of 3]",1906,Portion of 3-part panorama No.63 to 65 : WMCR-V653/NA-1448 to 1450 Rocky Mountains,https://archives.whyte.org/en/permalink/descriptions36630,https://archives.whyte.org/media/archives/Vaux/wmcr-vaux-1n-v653-na-1450.jpg
wmcr-vaux-1n-v653-na-1470,NA,V653 / NA - 1470,"Panorama, Mt. Douglass & Lower Ptarmigan Lake (No.85) 1906",1906,,https://archives.whyte.org/en/permalink/descriptions35085,https://archives.whyte.org/media/archives/Vaux/wmcr-vaux-1n-v653-na-1470.jpg
wmcr-vaux-1n-v653-na-1465,NA,V653 / NA - 1465,"Panorama, (poor) Ptarmigan Lake & Mt. Douglass (No.80) 1906",1906,,https://archives.whyte.org/en/permalink/descriptions35081,https://archives.whyte.org/media/archives/Vaux/wmcr-vaux-1n-v653-na-1465.jpg
wmcr-vaux-1n-v653-na-1464,NA,V653 / NA - 1464,"Panorama, Ptarmigan Lake & Mt. Douglas (poor) (No.79) 1906",1906,,https://archives.whyte.org/en/permalink/descriptions35080,https://archives.whyte.org/media/archives/Vaux/wmcr-vaux-1n-v653-na-1464.jpg
wmcr-vaux-1v-v653-ps-089,PS,V653 / PS - 89,"Seracs, Asulkan Glacier",[between 1900 and 1906],Selkirk Mountains,https://archives.whyte.org/en/permalink/descriptions34187,https://archives.whyte.org/media/archives/Vaux/wmcr-vaux-1v-v653-ps-089.jpg
wmcr-vaux-1n-v653-na-1482,NA,V653 / NA - 1482,Siffleur Valley looking north from Pipestone Pass 1906 (No.97),1906,Rocky Mountains,https://archives.whyte.org/en/permalink/descriptions36464,https://archives.whyte.org/media/archives/Vaux/wmcr-vaux-1n-v653-na-1482.jpg
wmcr-vaux-1n-v653-na-1483,NA,V653 / NA - 1483,Siffleur Valley looking north from Pipestone Pass 1906 (No.98),1906,Rocky Mountains,https://archives.whyte.org/en/permalink/descriptions36465,https://archives.whyte.org/media/archives/Vaux/wmcr-vaux-1n-v653-na-1483.jpg
wmcr-vaux-1n-v653-na-1484,NA,V653 / NA - 1484,Siffleur Valley looking north from Pipestone Pass 1906 (No.99),1906,Rocky Mountains,https://archives.whyte.org/en/permalink/descriptions36466,https://archives.whyte.org/media/archives/Vaux/wmcr-vaux-1n-v653-na-1484.jpg
wmcr-vaux-1n-v653-na-1485,NA,V653 / NA - 1485,Siffleur Valley looking north from Pipestone Pass 1906 (No.100),1906,Rocky Mountains,https://archives.whyte.org/en/permalink/descriptions36467,https://archives.whyte.org/media/archives/Vaux/wmcr-vaux-1n-v653-na-1485.jpg
wmcr-vaux-1n-v653-na-1441,NA,V653 / NA - 1441,Sir Donald & Illecillewaet Glacier from Natural Bridge (No.55) 1906,1906,Selkirk Mountains,https://archives.whyte.org/en/permalink/descriptions35070,https://archives.whyte.org/media/archives/Vaux/wmcr-vaux-1n-v653-na-1441.jpg
wmcr-vaux-1n-v653-na-1435,NA,V653 / NA - 1435,"Sir Donald from above caves (No.49,50,51) 1906",1906,,https://archives.whyte.org/en/permalink/descriptions35067,https://archives.whyte.org/media/archives/Vaux/wmcr-vaux-1n-v653-na-1435.jpg
wmcr-vaux-1v-v653-ps-109,PS,V653 / PS - 109,Sir Donald from near cave on Mt. Cheops,[1906],,https://archives.whyte.org/en/permalink/descriptions34206,https://archives.whyte.org/media/archives/Vaux/wmcr-vaux-1v-v653-ps-109.jpg
wmcr-vaux-1n-v653-na-1479,NA,V653 / NA - 1479,"South from Pipestone, panorama 1906 (No.94) : [pan 1 of 3]",1906,"Portion of 3-part panorama No.94, 95, 96 : WMCR-V653/NA-1479 to 1481 Rocky Mountains",https://archives.whyte.org/en/permalink/descriptions35092,https://archives.whyte.org/media/archives/Vaux/wmcr-vaux-1n-v653-na-1479.jpg
wmcr-vaux-1n-v653-na-1480,NA,V653 / NA - 1480,"South from Pipestone, panorama 1906 (No.95) : [pan 2 of 3]",1906,"Portion of 3-part panorama No.94, 95, 96 : WMCR-V653/NA-1479 to 1481 Rocky Mountains",https://archives.whyte.org/en/permalink/descriptions36641,https://archives.whyte.org/media/archives/Vaux/wmcr-vaux-1n-v653-na-1480.jpg
wmcr-vaux-1n-v653-na-1481,NA,V653 / NA - 1481,"South from Pipestone, panorama 1906 (No.96) : [pan 3 of 3]",1906,"Portion of 3-part panorama No.94, 95, 96 : WMCR-V653/NA-1479 to 1481 Rocky Mountains",https://archives.whyte.org/en/permalink/descriptions36642,https://archives.whyte.org/media/archives/Vaux/wmcr-vaux-1n-v653-na-1481.jpg
wmcr-vaux-1v-v653-ps-105,PS,V653 / PS - 105,"Storm Mountain, Upper Ptarmigan Lake & Ptarmigan Mtn. to Bow Range, panorama (No.88)",[1906],Rocky Mountains,https://archives.whyte.org/en/permalink/descriptions34203,https://archives.whyte.org/media/archives/Vaux/wmcr-vaux-1v-v653-ps-105.jpg
wmcr-vaux-1n-v653-na-1472,NA,V653 / NA - 1472,"Storm Mtn, Upper Ptarmigan Lake & Ptarmigan Mtn to Bow Range, panorama 1906 (No.87) : [pan 1 of 2]",1906,"Portion of 2-part panorama No.87, 88 : WMCR-V653/NA-1472, 1473 Rocky Mountains",https://archives.whyte.org/en/permalink/descriptions35087,https://archives.whyte.org/media/archives/Vaux/wmcr-vaux-1n-v653-na-1472.jpg
wmcr-vaux-1n-v653-na-1473,NA,V653 / NA - 1473,"Storm Mtn, Upper Ptarmigan Lake & Ptarmigan Mtn to Bow Range, panorama 1906 (No.88) : [pan 2 of 2]",1906,"Portion of 2-part panorama No.87, 88 : WMCR-V653/NA-1472, 1473 Rocky Mountains",https://archives.whyte.org/en/permalink/descriptions36639,https://archives.whyte.org/media/archives/Vaux/wmcr-vaux-1n-v653-na-1473.jpg
wmcr-vaux-1v-v653-ps-106,PS,V653 / PS - 106,"Storm Mtn., Upper Ptarmigan Lake & Ptarmigan Mtn. to Bow Range, panorama (No.87)",[1906],Rocky Mountains,https://archives.whyte.org/en/permalink/descriptions34204,https://archives.whyte.org/media/archives/Vaux/wmcr-vaux-1v-v653-ps-106.jpg
wmcr-vaux-1n-v653-na-1440,NA,V653 / NA - 1440,Stream going into the caves (No.54) 1906,1906,,https://archives.whyte.org/en/permalink/descriptions35069,https://archives.whyte.org/media/archives/Vaux/wmcr-vaux-1n-v653-na-1440.jpg
wmcr-vaux-1n-v653-na-1426,NA,V653 / NA - 1426,Takakkaw Fall 1906  : (No.40),1906,"Yoho area, Rocky Mountains",https://archives.whyte.org/en/permalink/descriptions35065,https://archives.whyte.org/media/archives/Vaux/wmcr-vaux-1n-v653-na-1426.jpg
wmcr-vaux-1n-v653-na-1427,NA,V653 / NA - 1427,Takakkaw Fall 1906  : (No.41),1906,"Yoho area, Rocky Mountains",https://archives.whyte.org/en/permalink/descriptions35948,https://archives.whyte.org/media/archives/Vaux/wmcr-vaux-1n-v653-na-1427.jpg
wmcr-vaux-1n-v653-na-1428,NA,V653 / NA - 1428,Takakkaw Fall 1906  : (No.42),1906,"Yoho area, Rocky Mountains",https://archives.whyte.org/en/permalink/descriptions35949,https://archives.whyte.org/media/archives/Vaux/wmcr-vaux-1n-v653-na-1428.jpg
wmcr-vaux-1n-v653-na-1429,NA,V653 / NA - 1429,Takakkaw Fall 1906  : (No.43),1906,"Yoho area, Rocky Mountains",https://archives.whyte.org/en/permalink/descriptions35950,https://archives.whyte.org/media/archives/Vaux/wmcr-vaux-1n-v653-na-1429.jpg
wmcr-vaux-1n-v653-na-1430,NA,V653 / NA - 1430,Takakkaw Fall 1906  : (No.44),1906,"Yoho area, Rocky Mountains",https://archives.whyte.org/en/permalink/descriptions35951,https://archives.whyte.org/media/archives/Vaux/wmcr-vaux-1n-v653-na-1430.jpg
wmcr-vaux-1n-v653-na-1445,NA,V653 / NA - 1445,"Test picture, Glacier (No.60) 1906",1906,Selkirk Mountains,https://archives.whyte.org/en/permalink/descriptions35074,https://archives.whyte.org/media/archives/Vaux/wmcr-vaux-1n-v653-na-1445.jpg
wmcr-vaux-1n-v653-na-1443,NA,V653 / NA - 1443,Test picture of Asulkan Glacier (No.58) 1906,1906,Selkirk Mountains,https://archives.whyte.org/en/permalink/descriptions35072,https://archives.whyte.org/media/archives/Vaux/wmcr-vaux-1n-v653-na-1443.jpg
wmcr-vaux-1n-v653-na-1401,NA,V653 / NA - 1401,"Test picture, Wapta Glacier (No.14) 1906",1906,Rocky Mountains,https://archives.whyte.org/en/permalink/descriptions35053,https://archives.whyte.org/media/archives/Vaux/wmcr-vaux-1n-v653-na-1401.jpg
wmcr-vaux-1n-v653-na-1402,NA,V653 / NA - 1402,"Test picture, Wapta Glacier (No.15) 1906",1906,Rocky Mountains,https://archives.whyte.org/en/permalink/descriptions36825,https://archives.whyte.org/media/archives/Vaux/wmcr-vaux-1n-v653-na-1402.jpg
wmcr-vaux-1n-v653-na-1444,NA,V653 / NA - 1444,Test pictures of Illecillewaet Glacier (No.59) --1906,1906,Selkirk Mountains,https://archives.whyte.org/en/permalink/descriptions35073,https://archives.whyte.org/media/archives/Vaux/wmcr-vaux-1n-v653-na-1444.jpg
wmcr-vaux-1n-v653-na-1446,NA,V653 / NA - 1446,Test pictures of Illecillewaet Glacier (No.61) --1906,1906,Selkirk Mountains,https://archives.whyte.org/en/permalink/descriptions36829,https://archives.whyte.org/media/archives/Vaux/wmcr-vaux-1n-v653-na-1446.jpg
wmcr-vaux-1n-v653-na-1447,NA,V653 / NA - 1447,Test pictures of Illecillewaet Glacier (No.62) --1906,1906,Selkirk Mountains,https://archives.whyte.org/en/permalink/descriptions36830,https://archives.whyte.org/media/archives/Vaux/wmcr-vaux-1n-v653-na-1447.jpg
wmcr-vaux-1v-v653-ps-100,PS,V653 / PS - 100,To Takakkaw Fall,[1906],"Takakkaw Falls, Rocky Mountains",https://archives.whyte.org/en/permalink/descriptions34198,https://archives.whyte.org/media/archives/Vaux/wmcr-vaux-1v-v653-ps-100.jpg
wmcr-vaux-1v-v653-ps-104,PS,V653 / PS - 104,To Takakkaw Fall 7/17/06,1906,Rocky Mountains,https://archives.whyte.org/en/permalink/descriptions34202,https://archives.whyte.org/media/archives/Vaux/wmcr-vaux-1v-v653-ps-104.jpg
wmcr-vaux-1v-v653-ps-074,PS,V653 / PS - 74,Untitled,[between 1900 and 1906],,https://archives.whyte.org/en/permalink/descriptions34174,https://archives.whyte.org/media/archives/Vaux/wmcr-vaux-1v-v653-ps-074.jpg
wmcr-vaux-1v-v653-ps-101,PS,V653 / PS - 101,Untitled,[1906],"Mount Niles and Mount Daly, Rocky Mountains",https://archives.whyte.org/en/permalink/descriptions34199,https://archives.whyte.org/media/archives/Vaux/wmcr-vaux-1v-v653-ps-101.jpg
wmcr-vaux-1v-v653-ps-102,PS,V653 / PS - 102,Untitled,1906,,https://archives.whyte.org/en/permalink/descriptions34200,https://archives.whyte.org/media/archives/Vaux/wmcr-vaux-1v-v653-ps-102.jpg
wmcr-vaux-1v-v653-ps-110,PS,V653 / PS - 110,Untitled,[1906],"ACC camp at Summit Lake, Rocky Mountains?",https://archives.whyte.org/en/permalink/descriptions34207,https://archives.whyte.org/media/archives/Vaux/wmcr-vaux-1v-v653-ps-110.jpg
wmcr-vaux-1v-v653-ps-112,PS,V653 / PS - 112,Untitled,[1906],,https://archives.whyte.org/en/permalink/descriptions34209,https://archives.whyte.org/media/archives/Vaux/wmcr-vaux-1v-v653-ps-112.jpg
wmcr-vaux-1v-v653-ps-121,PS,V653 / PS - 121,[untitled],[between 1900 and 1906],,https://archives.whyte.org/en/permalink/descriptions34218,https://archives.whyte.org/media/archives/Vaux/wmcr-vaux-1v-v653-ps-121.jpg
wmcr-vaux-1v-v653-ps-132,PS,V653 / PS - 132,Untitled,[between 1900 and 1906],"Victoria Glacier, Rocky Mountains",https://archives.whyte.org/en/permalink/descriptions34229,https://archives.whyte.org/media/archives/Vaux/wmcr-vaux-1v-v653-ps-132.jpg
wmcr-vaux-1n-v653-na-0429,NA,V653 / NA - 429,Untitled,1906,At Lake Louise Chalet,https://archives.whyte.org/en/permalink/descriptions35005,https://archives.whyte.org/media/archives/Vaux/wmcr-vaux-1n-v653-na-0429.jpg
wmcr-vaux-1n-v653-na-0430,NA,V653 / NA - 430,Untitled,1906,At Lake Louise,https://archives.whyte.org/en/permalink/descriptions35006,https://archives.whyte.org/media/archives/Vaux/wmcr-vaux-1n-v653-na-0430.jpg
wmcr-vaux-1n-v653-na-0431,NA,V653 / NA - 431,Untitled,1906,At Lake Louise,https://archives.whyte.org/en/permalink/descriptions35007,https://archives.whyte.org/media/archives/Vaux/wmcr-vaux-1n-v653-na-0431.jpg
wmcr-vaux-1n-v653-na-0432,NA,V653 / NA - 432,Untitled,1906,At Lake Louise,https://archives.whyte.org/en/permalink/descriptions35008,https://archives.whyte.org/media/archives/Vaux/wmcr-vaux-1n-v653-na-0432.jpg
wmcr-vaux-1n-v653-na-0434,NA,V653 / NA - 434,Untitled,1906,At Lake Louise,https://archives.whyte.org/en/permalink/descriptions35009,https://archives.whyte.org/media/archives/Vaux/wmcr-vaux-1n-v653-na-0434.jpg
wmcr-vaux-1n-v653-na-0445,NA,V653 / NA - 445,Untitled,1906,"Terminus of Yoho Glacier?, Rocky Mountains",https://archives.whyte.org/en/permalink/descriptions35014,https://archives.whyte.org/media/archives/Vaux/wmcr-vaux-1n-v653-na-0445.jpg
wmcr-vaux-1n-v653-na-0446,NA,V653 / NA - 446,Untitled,1906,"Ice cave at terminus of Yoho Glacier, Rocky Mountains",https://archives.whyte.org/en/permalink/descriptions35015,https://archives.whyte.org/media/archives/Vaux/wmcr-vaux-1n-v653-na-0446.jpg
wmcr-vaux-1n-v653-na-0447,NA,V653 / NA - 447,Untitled,1906,"Terminus of Yoho Glacier, Rocky Mountains",https://archives.whyte.org/en/permalink/descriptions35016,https://archives.whyte.org/media/archives/Vaux/wmcr-vaux-1n-v653-na-0447.jpg
wmcr-vaux-1n-v653-na-0449,NA,V653 / NA - 449,Untitled,1906,"Yoho area?, Rocky Mountains",https://archives.whyte.org/en/permalink/descriptions35018,https://archives.whyte.org/media/archives/Vaux/wmcr-vaux-1n-v653-na-0449.jpg
wmcr-vaux-1n-v653-na-0450,NA,V653 / NA - 450,Untitled,1906,"At Field, Rocky Mountains",https://archives.whyte.org/en/permalink/descriptions35019,https://archives.whyte.org/media/archives/Vaux/wmcr-vaux-1n-v653-na-0450.jpg
wmcr-vaux-1n-v653-na-0451,NA,V653 / NA - 451,Untitled,1906,"At Takakkaw Falls, Rocky Mountains",https://archives.whyte.org/en/permalink/descriptions35020,https://archives.whyte.org/media/archives/Vaux/wmcr-vaux-1n-v653-na-0451.jpg
wmcr-vaux-1n-v653-na-0452,NA,V653 / NA - 452,Untitled,1906,"Packtrain, location unknown",https://archives.whyte.org/en/permalink/descriptions35021,https://archives.whyte.org/media/archives/Vaux/wmcr-vaux-1n-v653-na-0452.jpg
wmcr-vaux-1n-v653-na-0453,NA,V653 / NA - 453,Untitled,1906,Location unknown,https://archives.whyte.org/en/permalink/descriptions35022,https://archives.whyte.org/media/archives/Vaux/wmcr-vaux-1n-v653-na-0453.jpg
wmcr-vaux-1n-v653-na-0454,NA,V653 / NA - 454,Untitled,1906,Location unknown,https://archives.whyte.org/en/permalink/descriptions35023,https://archives.whyte.org/media/archives/Vaux/wmcr-vaux-1n-v653-na-0454.jpg
wmcr-vaux-1n-v653-na-0455,NA,V653 / NA - 455,Untitled,1906,"Glacial moraine, location unknown",https://archives.whyte.org/en/permalink/descriptions35024,https://archives.whyte.org/media/archives/Vaux/wmcr-vaux-1n-v653-na-0455.jpg
wmcr-vaux-1n-v653-na-0456,NA,V653 / NA - 456,Untitled,1906,"Glacial moraine, location unknown",https://archives.whyte.org/en/permalink/descriptions35025,https://archives.whyte.org/media/archives/Vaux/wmcr-vaux-1n-v653-na-0456.jpg
wmcr-vaux-1n-v653-na-0457,NA,V653 / NA - 457,Untitled,1906,"William and George Vaux Jrs Crevasse, location unknown",https://archives.whyte.org/en/permalink/descriptions35026,https://archives.whyte.org/media/archives/Vaux/wmcr-vaux-1n-v653-na-0457.jpg
wmcr-vaux-1n-v653-na-0458,NA,V653 / NA - 458,Untitled,1906,"Crevasses, location unknown",https://archives.whyte.org/en/permalink/descriptions35027,https://archives.whyte.org/media/archives/Vaux/wmcr-vaux-1n-v653-na-0458.jpg
wmcr-vaux-1n-v653-na-0459,NA,V653 / NA - 459,Untitled,1906,"Crevasses, location unknown",https://archives.whyte.org/en/permalink/descriptions35028,https://archives.whyte.org/media/archives/Vaux/wmcr-vaux-1n-v653-na-0459.jpg
wmcr-vaux-1n-v653-na-0460,NA,V653 / NA - 460,Untitled,1906,"Crevasses, location unknown",https://archives.whyte.org/en/permalink/descriptions35029,https://archives.whyte.org/media/archives/Vaux/wmcr-vaux-1n-v653-na-0460.jpg
wmcr-vaux-1n-v653-na-0461,NA,V653 / NA - 461,Untitled,1906,Location unknown,https://archives.whyte.org/en/permalink/descriptions35030,https://archives.whyte.org/media/archives/Vaux/wmcr-vaux-1n-v653-na-0461.jpg
wmcr-vaux-1n-v653-na-0462,NA,V653 / NA - 462,Untitled,1906,Location unknown,https://archives.whyte.org/en/permalink/descriptions35031,https://archives.whyte.org/media/archives/Vaux/wmcr-vaux-1n-v653-na-0462.jpg
wmcr-vaux-1n-v653-na-0463,NA,V653 / NA - 463,Untitled,1906,Location unknown,https://archives.whyte.org/en/permalink/descriptions35032,https://archives.whyte.org/media/archives/Vaux/wmcr-vaux-1n-v653-na-0463.jpg
wmcr-vaux-1n-v653-na-0464,NA,V653 / NA - 464,Untitled,1906,Location unknown,https://archives.whyte.org/en/permalink/descriptions35033,https://archives.whyte.org/media/archives/Vaux/wmcr-vaux-1n-v653-na-0464.jpg
wmcr-vaux-1n-v653-na-0466,NA,V653 / NA - 466,Untitled,1906,Unknown location,https://archives.whyte.org/en/permalink/descriptions35034,https://archives.whyte.org/media/archives/Vaux/wmcr-vaux-1n-v653-na-0466.jpg
wmcr-vaux-1n-v653-na-0468,NA,V653 / NA - 468,Untitled,1906,"Packtrain on Pipestone Pass, Rocky Mountains",https://archives.whyte.org/en/permalink/descriptions35035,https://archives.whyte.org/media/archives/Vaux/wmcr-vaux-1n-v653-na-0468.jpg
wmcr-vaux-1n-v653-na-0469,NA,V653 / NA - 469,Untitled,1906,Location unknown,https://archives.whyte.org/en/permalink/descriptions35036,https://archives.whyte.org/media/archives/Vaux/wmcr-vaux-1n-v653-na-0469.jpg
wmcr-vaux-1n-v653-na-0484,NA,V653 / NA - 484,Untitled,1906,At Lake Louise Chalet,https://archives.whyte.org/en/permalink/descriptions35040,https://archives.whyte.org/media/archives/Vaux/wmcr-vaux-1n-v653-na-0484.jpg
wmcr-vaux-1t-v653-na-1647,?,V653 / NA - 1647,Untitled,[1906],"Cougar Valley, Selkirk Mountains",https://archives.whyte.org/en/permalink/descriptions35385,https://archives.whyte.org/media/archives/Vaux/wmcr-vaux-1t-v653-na-1647.jpg
wmcr-vaux-1n-v653-na-0433,NA,V653 / NA - 433,Untitled,[1906],At Lake Louise Chalet,https://archives.whyte.org/en/permalink/descriptions36478,https://archives.whyte.org/media/archives/Vaux/wmcr-vaux-1n-v653-na-0433.jpg
wmcr-vaux-1n-v653-na-0435,NA,V653 / NA - 435,Untitled,[1906],At Lake Louise,https://archives.whyte.org/en/permalink/descriptions36479,https://archives.whyte.org/media/archives/Vaux/wmcr-vaux-1n-v653-na-0435.jpg
wmcr-vaux-1n-v653-na-0436,NA,V653 / NA - 436,Untitled,[1906],At Lake Louise,https://archives.whyte.org/en/permalink/descriptions36480,https://archives.whyte.org/media/archives/Vaux/wmcr-vaux-1n-v653-na-0436.jpg
wmcr-vaux-1n-v653-na-0465,NA,V653 / NA - 465,Untitled,[1906],Location unknown,https://archives.whyte.org/en/permalink/descriptions36484,https://archives.whyte.org/media/archives/Vaux/wmcr-vaux-1n-v653-na-0465.jpg
wmcr-vaux-1n-v653-na-0467,NA,V653 / NA - 467,Untitled,[1906],Location unknown,https://archives.whyte.org/en/permalink/descriptions36485,https://archives.whyte.org/media/archives/Vaux/wmcr-vaux-1n-v653-na-0467.jpg
,?,M107 / I / A / 7,[untitled],1906,"Sub-series consists of letters and telegrams pertaining to personal and business matters, also included are receipts, train schedules and a Canadian Pacific Railway Pass. Personal correspondence between George Vaux Sr., George Vaux Jr., Mary Morris Vaux and William Sansom Vaux. Correspondence occur…",https://archives.whyte.org/en/permalink/descriptions24638,
,?,M107 / II / B / 9,[untitled],1888 - 1906,Sub-series consists of letters addressed to George Vaux Jr. from the Canadian Pacific Railway and the Appalachia Mountain Club. Also included are documents pertaining to the Geographic congress and a manuscript by George Vaux Jr. titled Glacier Observations.,https://archives.whyte.org/en/permalink/descriptions24708,
,?,M107 / IV / A / 7,[untitled],1899 - 1906,"Sub-series consists of receipts; Charles Schaffer's obituary, correspondence regarding Charles Schaffer's Will and the donation of Charles's Herbarium collection.",https://archives.whyte.org/en/permalink/descriptions24746,
,?,M107 / IV / A / 8,[untitled],1884 - 1906,"Sub-series consists of correspondence between George Vaux Jr. and Mary Schaffer Warren; insurance documents, receipts and money orders.",https://archives.whyte.org/en/permalink/descriptions24747,
,?,M107 / IV / A / 12,[untitled],1906 - 1921,"Sub-series consists of receipts and letters; statements of Mary’s financial accounts, property management; correspondence between George Vaux Jr. and Mary Schaffer while she is in Japan and in Banff.",https://archives.whyte.org/en/permalink/descriptions24751,
,?,"M107 / II / C - 13 / O.S. / ""F""",[untitled],1906,"1 map; Tongue and Moraines of the Illecillewaet Glacier, British Columbia. July 1906.
By George Vaux Jr. and William Vaux.",https://archives.whyte.org/en/permalink/descriptions24786,
,?,"M107 / III / D - 8 / O.S. / ""F""",[untitled],ca. 1906,"1 map; Tongue and Moraines, Asulkan Glacier. 1906 [reverse blueprint; reverse mirror] [Attributted to William Vaux Jr.] 46cm X 43cm.",https://archives.whyte.org/en/permalink/descriptions24795,
,?,"M107 / III / D - 9 / O.S. / ""F""",[untitled],ca. 1906,"1 map; Tongue and Moraines, Asulkan Glacier. 1906 [reverse blueprint; reverse mirror] [Attributted to William Vaux Jr.] Printed on linen paper, 46cm X 43cm.",https://archives.whyte.org/en/permalink/descriptions24796,
,?,"M107 / III / D  10 / O.S. / ""F""",[untitled],ca. 1906,"1 map; Tongue and Moraines, Asulkan Glacier. 1906 [reverse blueprint; reverse mirror] [Attributted to William Vaux Jr.] Printed with blue ink, 46cm x 43cm.",https://archives.whyte.org/en/permalink/descriptions24797,
,?,"M107 / III / D - 17 / O.S. / ""F""",[untitled],1906,"1 map; Tongue and moraines of the Illecillewaet Glacier, British Columbia. Showing the position of marked rocks on Moraines and of line old plates placed on glacier to determine Rate of Flow. 1906. Drawing of Tongue and moraines of the Illecillewaet Glacier detailing movement between 1899 – 1906. 6…",https://archives.whyte.org/en/permalink/descriptions24803,
,?,"M107 / III / D - 18 / O.S. / ""F""",[untitled],ca. 1899 - 1906,"1 map; Tongue and moraines of the Illecillewaet Glacier, British Columbia. Showing the position of marked rocks on Moraines and of line old plates placed on glacier to determine Rate of Flow. 1906. Drawing of Tongue and moraines of the Illecillewaet Glacier detailing movement between 1899 – 1906. 6…",https://archives.whyte.org/en/permalink/descriptions24804,
,?,"M107 / III / D - 23 / O.S. / ""F""",[untitled],1906,"1 map; Canadian Pacific Railway Snowfall Record of the Selkirk Mountains, 1906. 35 x 43cm.",https://archives.whyte.org/en/permalink/descriptions24808,
,?,"M107 / III / D - 39 / O.S. / ""F""",[untitled],1906,"Map; Tongues and Moraines of the Moraines of the Illecillewaet Glacier. 1906
with annotations.  Plate XXVIII section thro Glacier at line of plates. 33 x 43 cm",https://archives.whyte.org/en/permalink/descriptions24824,
,?,"M107 / III / D - 40 / O.S. / ""F""",[untitled],1906,"Map; Tongue and moraines. Aslukan Glacier. Glacier House, British Columbia. July 1906. Plate XXIX.",https://archives.whyte.org/en/permalink/descriptions24825,
,?,"M107 / III / D - 41 / O.S. / ""F""",[untitled],1906,"Map; Tongue and moraines. Aslukan Glacier. Glacier House, British Columbia. July 1906. Plate XXIX.",https://archives.whyte.org/en/permalink/descriptions24826,
wmcr-vaux-1v-v653-ps-140,PS,V653 / PS - 140,Untitled / Mary M. Vaux,[between 1900 and 1906],"Mountain, unkown location",https://archives.whyte.org/en/permalink/descriptions34237,https://archives.whyte.org/media/archives/Vaux/wmcr-vaux-1v-v653-ps-140.jpg
wmcr-vaux-1n-v653-na-1395,NA,V653 / NA - 1395,Upper Yoho Valley with stream in foreground (No.8) 1906,1906,Rocky Mountains,https://archives.whyte.org/en/permalink/descriptions35047,https://archives.whyte.org/media/archives/Vaux/wmcr-vaux-1n-v653-na-1395.jpg
wmcr-vaux-1n-v653-na-1399,NA,V653 / NA - 1399,"The Vice-President, Upper Yoho (No.12) 1906",1906,Rocky Mountains,https://archives.whyte.org/en/permalink/descriptions35051,https://archives.whyte.org/media/archives/Vaux/wmcr-vaux-1n-v653-na-1399.jpg
wmcr-vaux-1n-v653-na-1406,NA,V653 / NA - 1406,"Wapta Glacier (end), wide angle (No.19) 1906",1906,Rocky Mountains,https://archives.whyte.org/en/permalink/descriptions35056,https://archives.whyte.org/media/archives/Vaux/wmcr-vaux-1n-v653-na-1406.jpg
wmcr-vaux-1n-v653-na-1415,NA,V653 / NA - 1415,Wapta Glacier (No.29) 1906,1906,Rocky Mountains,https://archives.whyte.org/en/permalink/descriptions35063,https://archives.whyte.org/media/archives/Vaux/wmcr-vaux-1n-v653-na-1415.jpg
wmcr-vaux-1n-v653-na-1407,NA,V653 / NA - 1407,Wapta Glacier panorama 1906 (No.20) : [pan 1 of 3],1906,Portion of 3-part panorama No.20 to 22 : WMCR-V653/NA-1407 to 1409 Rocky Mountains,https://archives.whyte.org/en/permalink/descriptions35057,https://archives.whyte.org/media/archives/Vaux/wmcr-vaux-1n-v653-na-1407.jpg
wmcr-vaux-1n-v653-na-1408,NA,V653 / NA - 1408,Wapta Glacier panorama 1906 (No.21) : [pan 2 of 3],1906,Portion of 3-part panorama No.20 to 22 : WMCR-V653/NA-1407 to 1409 Rocky Mountains,https://archives.whyte.org/en/permalink/descriptions36623,https://archives.whyte.org/media/archives/Vaux/wmcr-vaux-1n-v653-na-1408.jpg
wmcr-vaux-1n-v653-na-1409,NA,V653 / NA - 1409,Wapta Glacier panorama 1906 (No.22) : [pan 3 of 3],1906,Portion of 3-part panorama No.20 to 22 : WMCR-V653/NA-1407 to 1409 Rocky Mountains,https://archives.whyte.org/en/permalink/descriptions36624,https://archives.whyte.org/media/archives/Vaux/wmcr-vaux-1n-v653-na-1409.jpg
wmcr-vaux-1n-v653-na-1414,NA,V653 / NA - 1414,Yoho Glacier (No.28) 1906,1906,Rocky Mountains,https://archives.whyte.org/en/permalink/descriptions35061,https://archives.whyte.org/media/archives/Vaux/wmcr-vaux-1n-v653-na-1414.jpg
